name                 	targetp_pred         	TMsegment_pred                                                                                                                                                                                                                                                                                                                                                              	deltaG_pred                                                 	  charge
sp|P03875|AI1M_YEAST 	('OTHER', '0.866656')	['i', 1, 15, 'M', 16, 38, 15, 'M', 16, 38, 15, 'M', 16, 38, 15, 'M', 16, 38, 15, 'M', 16, 38, 'i', 39, 61, 'M', 62, 80, 'O', 81, 109, 'M', 110, 130, 'i', 131, 133, 'M', 134, 153, 'O', 154, 675, 'M', 676, 695, 'i', 696, 834]                                                                                                                                             	[-0.548, 0.353, 2.903, 1.623, 1.007]                        	       2
sp|P03876|AI2M_YEAST 	('OTHER', '0.960578')	['i', 1, 15, 'M', 16, 38, 15, 'M', 16, 38, 15, 'M', 16, 38, 15, 'M', 16, 38, 15, 'M', 16, 38, 'i', 39, 53, 'M', 54, 76, 'O', 77, 95, 'M', 96, 115, 'i', 116, 158, 'M', 159, 178, 'O', 179, 705, 'M', 706, 728, 'i', 729, 854]                                                                                                                                               	[-0.548, -0.594, -1.119, 2.94, 0.031]                       	       2
sp|P03878|SCE2_YEAST 	('OTHER', '0.999086')	['i', 1, 15, 'M', 16, 38, 15, 'M', 16, 38, 15, 'M', 16, 38, 15, 'M', 16, 38, 15, 'M', 16, 38, 15, 'M', 16, 38, 15, 'M', 16, 38, 15, 'M', 16, 38, 'i', 39, 53, 'M', 54, 76, 'O', 77, 100, 'M', 101, 119, 'i', 120, 145, 'M', 146, 168, 'O', 169, 181, 'M', 182, 203, 'i', 204, 234, 'M', 235, 255, 'O', 256, 262, 'M', 263, 285, 'i', 286, 405, 'M', 406, 427, 'O', 428, 556]	[-0.548, -1.148, -0.156, 0.973, -2.749, 0.554, 2.971, 2.447]	       3
sp|P00856|ATP8_YEAST 	('OTHER', '0.876550')	['O', 1, 16, 'M', 17, 39, 'i', 40, 48]                                                                                                                                                                                                                                                                                                                                      	[-2.539]                                                    	       2
sp|P03873|MBI2_YEAST 	('OTHER', '0.999368')	['i', 1, 27, 'M', 28, 50, 27, 'M', 28, 50, 27, 'M', 28, 50, 27, 'M', 28, 50, 'i', 51, 75, 'M', 76, 98, 'O', 99, 109, 'M', 110, 132, 'i', 133, 153, 'M', 154, 176, 'O', 177, 423]                                                                                                                                                                                            	[-0.889, 1.312, -2.299, -2.115]                             	       3
sp|P00410|COX2_YEAST 	('OTHER', '0.993651')	['O', 1, 42, 'M', 43, 65, 42, 'M', 43, 65, 'O', 66, 83, 'M', 84, 106, 'i', 107, 251]                                                                                                                                                                                                                                                                                        	[-2.246, -3.23]                                             	       3
sp|P00420|COX3_YEAST 	('OTHER', '0.998286')	['i', 1, 20, 'M', 21, 41, 20, 'M', 21, 41, 20, 'M', 21, 41, 20, 'M', 21, 41, 20, 'M', 21, 41, 20, 'M', 21, 41, 20, 'M', 21, 41, 'i', 42, 47, 'M', 48, 67, 'O', 68, 88, 'M', 89, 110, 'i', 111, 136, 'M', 137, 155, 'O', 156, 166, 'M', 167, 187, 'i', 188, 208, 'M', 209, 231, 'O', 232, 244, 'M', 245, 267, 'i', 268, 269]                                                 	[0.136, -1.085, -1.876, 2.246, -1.673, 0.821, -0.42]        	       2
sp|P18409|MDM10_YEAST	('OTHER', '0.986046')	['O', 1, 232, 'M', 233, 255, 232, 'M', 233, 255, 'O', 256, 433, 'M', 434, 452, 'i', 453, 493]                                                                                                                                                                                                                                                                               	[2.436, 2.911]                                              	       2
sp|P18239|ADT2_YEAST 	('OTHER', '0.998842')	['O', 1, 22, 'M', 23, 41, 22, 'M', 23, 41, 22, 'M', 23, 41, 22, 'M', 23, 41, 'O', 42, 125, 'M', 126, 148, 'i', 149, 188, 'M', 189, 208, 'O', 209, 216, 'M', 217, 239, 'i', 240, 318]                                                                                                                                                                                        	[2.705, 1.25, 0.895, 0.24]                                  	       2
sp|P34222|PTH2_YEAST 	('OTHER', '0.681723')	['O', 1, 9, 'M', 10, 29, 'i', 30, 208]                                                                                                                                                                                                                                                                                                                                      	[0.554]                                                     	       2
sp|P34224|YBF9_YEAST 	('OTHER', '0.879568')	['O', 1, 69, 'M', 70, 88, 69, 'M', 70, 88, 'O', 89, 122, 'M', 123, 145, 'i', 146, 193]                                                                                                                                                                                                                                                                                      	[-0.163, 0.054]                                             	       2
sp|P38072|SCO2_YEAST 	('MT', '0.876255')   	['O', 1, 78, 'M', 79, 97, 'i', 98, 301]                                                                                                                                                                                                                                                                                                                                     	[0.023]                                                     	       3
sp|P23833|SCO1_YEAST 	('MT', '0.992538')   	['O', 1, 70, 'M', 71, 91, 'i', 92, 295]                                                                                                                                                                                                                                                                                                                                     	[0.479]                                                     	       3
sp|P18238|ADT3_YEAST 	('OTHER', '0.975101')	['O', 1, 11, 'M', 12, 30, 11, 'M', 12, 30, 11, 'M', 12, 30, 11, 'M', 12, 30, 'O', 31, 114, 'M', 115, 137, 'i', 138, 177, 'M', 178, 200, 'O', 201, 205, 'M', 206, 228, 'i', 229, 307]                                                                                                                                                                                        	[2.781, 1.25, 1.195, 0.752]                                 	       3
sp|Q2V2Q3|YB201_YEAST	('MT', '0.613917')   	['i', 1, 22, 'M', 23, 42, 'O', 43, 67]                                                                                                                                                                                                                                                                                                                                      	[0.093]                                                     	       2
sp|P38323|CLPX_YEAST 	('MT', '0.950193')   	['O', 1, 265, 'M', 266, 286, 'i', 287, 520]                                                                                                                                                                                                                                                                                                                                 	[2.232]                                                     	       2
sp|Q3E776|YB255_YEAST	('OTHER', '0.999721')	['i', 1, 26, 'M', 27, 47, 'O', 48, 120]                                                                                                                                                                                                                                                                                                                                     	[1.048]                                                     	       2
sp|P25573|MGR1_YEAST 	('OTHER', '0.999990')	['O', 1, 56, 'M', 57, 79, 56, 'M', 57, 79, 'O', 80, 149, 'M', 150, 172, 'i', 173, 417]                                                                                                                                                                                                                                                                                      	[-1.086, 0.214]                                             	       2
sp|P10849|MTF2_YEAST 	('OTHER', '0.831713')	['O', 1, 320, 'M', 321, 341, 'i', 342, 440]                                                                                                                                                                                                                                                                                                                                 	[2.732]                                                     	       2
sp|P07255|COX9_YEAST 	('OTHER', '0.492693')	['O', 1, 13, 'M', 14, 36, 'i', 37, 59]                                                                                                                                                                                                                                                                                                                                      	[-0.129]                                                    	       2
sp|Q07534|S2538_YEAST	('OTHER', '0.980884')	['O', 1, 13, 'M', 14, 34, 13, 'M', 14, 34, 13, 'M', 14, 34, 'O', 35, 66, 'M', 67, 89, 'i', 90, 120, 'M', 121, 143, 'O', 144, 307]                                                                                                                                                                                                                                           	[2.282, 2.241, 1.88]                                        	       2
sp|Q12257|YD177_YEAST	('OTHER', '0.999897')	['O', 1, 120, 'M', 121, 143, 'i', 144, 170]                                                                                                                                                                                                                                                                                                                                 	[0.847]                                                     	       3
sp|P46681|DLD2_YEAST 	('MT', '0.987020')   	['O', 1, 255, 'M', 256, 275, 'i', 276, 530]                                                                                                                                                                                                                                                                                                                                 	[2.388]                                                     	       2
sp|Q04311|VMS1_YEAST 	('OTHER', '0.999994')	['O', 1, 232, 'M', 233, 251, 'i', 252, 632]                                                                                                                                                                                                                                                                                                                                 	[2.444]                                                     	       3
sp|Q2V2P9|COX26_YEAST	('MT', '0.997536')   	['O', 1, 39, 'M', 40, 60, 'i', 61, 66]                                                                                                                                                                                                                                                                                                                                      	[1.067]                                                     	       3
sp|Q04935|COX20_YEAST	('OTHER', '0.999953')	['i', 1, 86, 'M', 87, 109, 86, 'M', 87, 109, 'i', 110, 115, 'M', 116, 137, 'O', 138, 205]                                                                                                                                                                                                                                                                                   	[0.6, 2.346]                                                	       2
sp|P09950|HEM1_YEAST 	('OTHER', '0.615775')	['O', 1, 362, 'M', 363, 383, 'i', 384, 548]                                                                                                                                                                                                                                                                                                                                 	[2.631]                                                     	       2
sp|P04803|SYWM_YEAST 	('OTHER', '0.966188')	['O', 1, 126, 'M', 127, 146, 'i', 147, 379]                                                                                                                                                                                                                                                                                                                                 	[2.033]                                                     	       2
sp|P32839|BCS1_YEAST 	('OTHER', '0.999964')	['i', 1, 50, 'M', 51, 69, 'O', 70, 456]                                                                                                                                                                                                                                                                                                                                     	[1.013]                                                     	       2
sp|Q06405|ATPK_YEAST 	('MT', '0.665140')   	['i', 1, 71, 'M', 72, 90, 'O', 91, 101]                                                                                                                                                                                                                                                                                                                                     	[1.244]                                                     	       3
sp|Q3E6R5|YD381_YEAST	('OTHER', '0.830373')	['O', 1, 11, 'M', 12, 30, 'i', 31, 114]                                                                                                                                                                                                                                                                                                                                     	[1.28]                                                      	       3
sp|P17695|GLRX2_YEAST	('MT', '0.417359')   	['O', 1, 4, 'M', 5, 26, 'i', 27, 143]                                                                                                                                                                                                                                                                                                                                       	[-1.115]                                                    	       2
sp|P33751|PAD1_YEAST 	('MT', '0.873243')   	['O', 1, 9, 'M', 10, 31, 9, 'M', 10, 31, 9, 'M', 10, 31, 'O', 32, 55, 'M', 56, 77, 'i', 78, 186, 'M', 187, 207, 'O', 208, 242]                                                                                                                                                                                                                                              	[2.298, 0.499, 2.054]                                       	       3
sp|P00927|THDH_YEAST 	('OTHER', '0.696260')	['i', 1, 229, 'M', 230, 250, 'O', 251, 576]                                                                                                                                                                                                                                                                                                                                 	[1.707]                                                     	       3
sp|P87275|AIM11_YEAST	('OTHER', '0.968318')	['i', 1, 15, 'M', 16, 37, 15, 'M', 16, 37, 'i', 38, 65, 'M', 66, 88, 'O', 89, 137]                                                                                                                                                                                                                                                                                          	[0.255, 0.01]                                               	       2
sp|P10355|PT122_YEAST	('MT', '0.633482')   	['O', 1, 44, 'M', 45, 67, 44, 'M', 45, 67, 'O', 68, 196, 'M', 197, 216, 'i', 217, 254]                                                                                                                                                                                                                                                                                      	[2.194, 2.88]                                               	       2
sp|Q8TGU2|YF032_YEAST	('OTHER', '0.967793')	['i', 1, 14, 'M', 15, 34, 'O', 35, 87]                                                                                                                                                                                                                                                                                                                                      	[2.549]                                                     	       2
sp|P53171|GEP7_YEAST 	('MT', '0.565998')   	['O', 1, 248, 'M', 249, 267, 'i', 268, 287]                                                                                                                                                                                                                                                                                                                                 	[-0.099]                                                    	       2
sp|P53163|MNP1_YEAST 	('MT', '0.996971')   	['i', 1, 12, 'M', 13, 33, 'O', 34, 194]                                                                                                                                                                                                                                                                                                                                     	[2.871]                                                     	       2
sp|P53153|LCL3_YEAST 	('OTHER', '0.986992')	['i', 1, 11, 'M', 12, 32, 'O', 33, 274]                                                                                                                                                                                                                                                                                                                                     	[0.111]                                                     	       3
sp|P53206|MCY1_YEAST 	('OTHER', '0.828688')	['O', 1, 11, 'M', 12, 34, 11, 'M', 12, 34, 'O', 35, 114, 'M', 115, 134, 'i', 135, 393]                                                                                                                                                                                                                                                                                      	[1.068, 2.766]                                              	       2
sp|P53208|EAT1_YEAST 	('OTHER', '0.988063')	['O', 1, 106, 'M', 107, 127, 'i', 128, 328]                                                                                                                                                                                                                                                                                                                                 	[1.252]                                                     	       2
sp|P35180|TOM20_YEAST	('OTHER', '0.481054')	['O', 1, 6, 'M', 7, 29, 6, 'M', 7, 29, 'O', 30, 140, 'M', 141, 162, 'i', 163, 183]                                                                                                                                                                                                                                                                                          	[-0.493, 1.284]                                             	       3
sp|P40961|PHB1_YEAST 	('OTHER', '0.997339')	['O', 1, 9, 'M', 10, 30, 'i', 31, 287]                                                                                                                                                                                                                                                                                                                                      	[2.372]                                                     	       2
sp|P22438|SYMM_YEAST 	('MT', '0.752443')   	['O', 1, 310, 'M', 311, 331, 'i', 332, 575]                                                                                                                                                                                                                                                                                                                                 	[2.221]                                                     	       2
sp|P16861|PFKA1_YEAST	('OTHER', '0.999845')	['O', 1, 399, 'M', 400, 420, 'i', 421, 987]                                                                                                                                                                                                                                                                                                                                 	[1.549]                                                     	       2
sp|P00924|ENO1_YEAST 	('OTHER', '0.998641')	['i', 1, 105, 'M', 106, 124, 'O', 125, 437]                                                                                                                                                                                                                                                                                                                                 	[2.509]                                                     	       3
sp|P37299|QCR10_YEAST	('OTHER', '0.508478')	['O', 1, 29, 'M', 30, 48, 'i', 49, 77]                                                                                                                                                                                                                                                                                                                                      	[0.874]                                                     	       2
sp|P38796|PPME1_YEAST	('OTHER', '0.999806')	['O', 1, 193, 'M', 194, 215, 'i', 216, 400]                                                                                                                                                                                                                                                                                                                                 	[2.527]                                                     	       2
sp|P00925|ENO2_YEAST 	('OTHER', '0.998935')	['O', 1, 105, 'M', 106, 124, 'i', 125, 437]                                                                                                                                                                                                                                                                                                                                 	[2.388]                                                     	       2
sp|P40519|YIG0_YEAST 	('OTHER', '0.689915')	['O', 1, 0, 'M', 1, 19, 0, 'M', 1, 19, 'O', 20, 64, 'M', 65, 86, 'i', 87, 144]                                                                                                                                                                                                                                                                                              	[2.439, 1.099]                                              	       3
sp|P40515|FIS1_YEAST 	('OTHER', '0.999888')	['O', 1, 128, 'M', 129, 151, 'i', 152, 155]                                                                                                                                                                                                                                                                                                                                 	[0.437]                                                     	       3
sp|P40508|PUP1_YEAST 	('OTHER', '0.999748')	['O', 1, 65, 'M', 66, 86, 65, 'M', 66, 86, 'O', 87, 95, 'M', 96, 114, 'i', 115, 320]                                                                                                                                                                                                                                                                                        	[0.567, 1.171]                                              	       3
sp|P40471|AYR1_YEAST 	('OTHER', '0.999773')	['O', 1, 137, 'M', 138, 159, 137, 'M', 138, 159, 'O', 160, 249, 'M', 250, 271, 'i', 272, 297]                                                                                                                                                                                                                                                                               	[2.435, 1.245]                                              	       3
sp|P16547|OM45_YEAST 	('OTHER', '0.528103')	['O', 1, 0, 'M', 1, 23, 'i', 24, 393]                                                                                                                                                                                                                                                                                                                                       	[1.093]                                                     	       3
sp|P40576|INA22_YEAST	('MT', '0.988304')   	['O', 1, 42, 'M', 43, 63, 'i', 64, 216]                                                                                                                                                                                                                                                                                                                                     	[0.227]                                                     	       2
sp|P47052|SDHX_YEAST 	('MT', '0.993791')   	['O', 1, 46, 'M', 47, 66, 'i', 67, 634]                                                                                                                                                                                                                                                                                                                                     	[2.972]                                                     	       2
sp|P47039|BNA3_YEAST 	('MT', '0.884201')   	['O', 1, 272, 'M', 273, 295, 'i', 296, 444]                                                                                                                                                                                                                                                                                                                                 	[2.227]                                                     	       2
sp|P47008|SFH5_YEAST 	('OTHER', '0.999791')	['O', 1, 204, 'M', 205, 225, 'i', 226, 294]                                                                                                                                                                                                                                                                                                                                 	[2.717]                                                     	       2
sp|P46989|ATG27_YEAST	('SP', '0.981742')   	['O', 1, 3, 'M', 4, 22, 3, 'M', 4, 22, 'O', 23, 198, 'M', 199, 221, 'i', 222, 271]                                                                                                                                                                                                                                                                                          	[1.327, -3.843]                                             	       3
sp|P0CS90|HSP77_YEAST	('MT', '0.997752')   	['O', 1, 412, 'M', 413, 435, 'i', 436, 654]                                                                                                                                                                                                                                                                                                                                 	[2.15]                                                      	       3
sp|P47131|YJ55_YEAST 	('OTHER', '0.788285')	['O', 1, 4, 'M', 5, 23, 4, 'M', 5, 23, 4, 'M', 5, 23, 4, 'M', 5, 23, 'O', 24, 25, 'M', 26, 46, 'i', 47, 53, 'M', 54, 73, 'O', 74, 75, 'M', 76, 97, 'i', 98, 105]                                                                                                                                                                                                            	[2.145, 1.64, 1.727, 2.778]                                 	       2
sp|P47135|JSN1_YEAST 	('OTHER', '0.999997')	['O', 1, 713, 'M', 714, 734, 'i', 735, 1091]                                                                                                                                                                                                                                                                                                                                	[2.963]                                                     	       3
sp|P32858|AIM26_YEAST	('OTHER', '0.761533')	['O', 1, 8, 'M', 9, 30, 8, 'M', 9, 30, 8, 'M', 9, 30, 'O', 31, 35, 'M', 36, 56, 'i', 57, 94, 'M', 95, 116, 'O', 117, 118]                                                                                                                                                                                                                                                   	[-0.372, 1.08, 0.789]                                       	       3
sp|P36092|YKE44_YEAST	('OTHER', '0.983902')	['i', 1, 26, 'M', 27, 48, 26, 'M', 27, 48, 'i', 49, 81, 'M', 82, 100, 'O', 101, 106]                                                                                                                                                                                                                                                                                        	[2.734, 2.217]                                              	       3
sp|P35735|SFK1_YEAST 	('OTHER', '0.994368')	['i', 1, 10, 'M', 11, 33, 10, 'M', 11, 33, 10, 'M', 11, 33, 10, 'M', 11, 33, 10, 'M', 11, 33, 10, 'M', 11, 33, 'i', 34, 60, 'M', 61, 82, 'O', 83, 129, 'M', 130, 151, 'i', 152, 157, 'M', 158, 180, 'O', 181, 237, 'M', 238, 256, 'i', 257, 263, 'M', 264, 286, 'O', 287, 353]                                                                                              	[-0.963, 1.794, 0.258, -1.278, -0.878, -2.456]              	       2
sp|Q2V2P2|YK065_YEAST	('MT', '0.983093')   	['O', 1, 33, 'M', 34, 54, 'i', 55, 73]                                                                                                                                                                                                                                                                                                                                      	[-0.059]                                                    	       2
sp|P35999|PMIP_YEAST 	('MT', '0.897681')   	['O', 1, 519, 'M', 520, 540, 'i', 541, 772]                                                                                                                                                                                                                                                                                                                                 	[2.48]                                                      	       2
sp|P33421|SDH3_YEAST 	('MT', '0.958698')   	['i', 1, 104, 'M', 105, 126, 104, 'M', 105, 126, 104, 'M', 105, 126, 'i', 127, 144, 'M', 145, 166, 'O', 167, 176, 'M', 177, 198, 'i', 199, 198]                                                                                                                                                                                                                             	[-1.467, 2.531, -0.729]                                     	       3
sp|Q00711|SDHA_YEAST 	('MT', '0.997788')   	['i', 1, 52, 'M', 53, 72, 'O', 73, 640]                                                                                                                                                                                                                                                                                                                                     	[2.683]                                                     	       2
sp|P32454|APE2_YEAST 	('MT', '0.944873')   	['O', 1, 282, 'M', 283, 301, 'i', 302, 952]                                                                                                                                                                                                                                                                                                                                 	[2.968]                                                     	       3
sp|P36126|SPO14_YEAST	('OTHER', '0.999998')	['O', 1, 210, 'M', 211, 231, 210, 'M', 211, 231, 'O', 232, 536, 'M', 537, 15, 'i', 16, 1683]                                                                                                                                                                                                                                                                                	[2.686, 21.0]                                               	       3
sp|P36135|UTH1_YEAST 	('SP', '0.999369')   	['i', 1, 0, 'M', 1, 21, 'O', 22, 365]                                                                                                                                                                                                                                                                                                                                       	[1.604]                                                     	       3
sp|P00431|CCPR_YEAST 	('MT', '0.849852')   	['i', 1, 17, 'M', 18, 37, 'O', 38, 361]                                                                                                                                                                                                                                                                                                                                     	[0.439]                                                     	       2
sp|P36163|OMA1_YEAST 	('MT', '0.763724')   	['O', 1, 64, 'M', 65, 83, 64, 'M', 65, 83, 64, 'M', 65, 83, 'O', 84, 172, 'M', 173, 192, 'i', 193, 216, 'M', 217, 236, 'O', 237, 345]                                                                                                                                                                                                                                       	[0.457, 2.587, 2.02]                                        	       2
sp|P10592|HSP72_YEAST	('OTHER', '0.999157')	['O', 1, 387, 'M', 388, 410, 'i', 411, 639]                                                                                                                                                                                                                                                                                                                                 	[2.713]                                                     	       3
sp|Q07914|TIM14_YEAST	('OTHER', '0.999972')	['O', 1, 65, 'M', 66, 84, 'i', 85, 168]                                                                                                                                                                                                                                                                                                                                     	[1.423]                                                     	       2
sp|Q12354|APTH1_YEAST	('OTHER', '0.762748')	['O', 1, 129, 'M', 130, 152, 'i', 153, 227]                                                                                                                                                                                                                                                                                                                                 	[1.526]                                                     	       3
sp|P04039|COX8_YEAST 	('MT', '0.991648')   	['O', 1, 48, 'M', 49, 70, 'i', 71, 78]                                                                                                                                                                                                                                                                                                                                      	[0.691]                                                     	       2
sp|Q03713|RCF1_YEAST 	('OTHER', '0.999968')	['i', 1, 32, 'M', 33, 54, 32, 'M', 33, 54, 'i', 55, 62, 'M', 63, 85, 'O', 86, 159]                                                                                                                                                                                                                                                                                          	[1.168, 0.311]                                              	       3
sp|P07271|PIF1_YEAST 	('MT', '0.719393')   	['O', 1, 289, 'M', 290, 310, 'i', 311, 859]                                                                                                                                                                                                                                                                                                                                 	[2.983]                                                     	       2
sp|P46972|IMP2_YEAST 	('MT', '0.477196')   	['i', 1, 8, 'M', 9, 27, 'O', 28, 177]                                                                                                                                                                                                                                                                                                                                       	[1.058]                                                     	       2
sp|Q12676|FOLD_YEAST 	('OTHER', '0.940236')	['O', 1, 401, 'M', 402, 420, 'i', 421, 427]                                                                                                                                                                                                                                                                                                                                 	[2.564]                                                     	       2
sp|Q04472|MGR3_YEAST 	('MT', '0.903674')   	['i', 1, 76, 'M', 77, 95, 'O', 96, 501]                                                                                                                                                                                                                                                                                                                                     	[-0.176]                                                    	       3
sp|Q03798|AIM36_YEAST	('MT', '0.998634')   	['i', 1, 60, 'M', 61, 79, 60, 'M', 61, 79, 'i', 80, 177, 'M', 178, 196, 'O', 197, 255]                                                                                                                                                                                                                                                                                      	[0.074, 1.351]                                              	       2
sp|Q03218|MMT1_YEAST 	('MT', '0.670002')   	['i', 1, 160, 'M', 161, 180, 160, 'M', 161, 180, 160, 'M', 161, 180, 160, 'M', 161, 180, 160, 'M', 161, 180, 'i', 181, 234, 'M', 235, 257, 'O', 258, 288, 'M', 289, 308, 'i', 309, 328, 'M', 329, 348, 'O', 349, 351, 'M', 352, 370, 'i', 371, 510]                                                                                                                         	[1.71, 0.134, 2.881, 1.36, 2.53]                            	       2
sp|P32874|HFA1_YEAST 	('OTHER', '0.953515')	['i', 1, 19, 'M', 20, 41, 19, 'M', 20, 41, 19, 'M', 20, 41, 19, 'M', 20, 41, 19, 'M', 20, 41, 'i', 42, 643, 'M', 644, 662, 'O', 663, 301, 'M', 302, 13, 'i', 14, 766, 'M', 767, 17, 'O', 18, 923, 'M', 924, 19, 'i', 20, 2273]                                                                                                                                              	[1.315, 2.4, 23.0, 21.0, 22.0]                              	       2
sp|P39112|DSS1_YEAST 	('MT', '0.727022')   	['O', 1, 737, 'M', 738, 760, 'i', 761, 969]                                                                                                                                                                                                                                                                                                                                 	[1.779]                                                     	       2
sp|P40416|ATM1_YEAST 	('MT', '0.977391')   	['i', 1, 105, 'M', 106, 124, 105, 'M', 106, 124, 105, 'M', 106, 124, 105, 'M', 106, 124, 105, 'M', 106, 124, 'i', 125, 146, 'M', 147, 166, 'O', 167, 227, 'M', 228, 249, 'i', 250, 249, 'M', 250, 272, 'O', 273, 347, 'M', 348, 370, 'i', 371, 690]                                                                                                                         	[-0.32, 0.384, 2.352, 0.189, 1.11]                          	       2
sp|P53944|MTQ1_YEAST 	('OTHER', '0.710859')	['O', 1, 117, 'M', 118, 140, 'i', 141, 314]                                                                                                                                                                                                                                                                                                                                 	[2.358]                                                     	       3
sp|P50945|MIC27_YEAST	('OTHER', '0.999947')	['O', 1, 100, 'M', 101, 120, 100, 'M', 101, 120, 'O', 121, 145, 'M', 146, 165, 'i', 166, 234]                                                                                                                                                                                                                                                                               	[1.624, 0.893]                                              	       3
sp|P50942|INP52_YEAST	('OTHER', '0.976840')	['O', 1, 59, 'M', 60, 79, 59, 'M', 60, 79, 59, 'M', 60, 79, 'O', 80, 454, 'M', 455, 475, 'i', 476, 665, 'M', 666, 685, 'O', 686, 1183]                                                                                                                                                                                                                                      	[0.804, 2.978, 1.518]                                       	       2
sp|P07213|TOM70_YEAST	('OTHER', '0.590478')	['i', 1, 8, 'M', 9, 29, 'O', 30, 617]                                                                                                                                                                                                                                                                                                                                       	[1.026]                                                     	       2
sp|P53852|SYC_YEAST  	('MT', '0.750077')   	['O', 1, 547, 'M', 548, 570, 'i', 571, 767]                                                                                                                                                                                                                                                                                                                                 	[2.586]                                                     	       2
sp|P52923|AIF1_YEAST 	('OTHER', '0.946827')	['O', 1, 139, 'M', 140, 161, 139, 'M', 140, 161, 'O', 162, 343, 'M', 344, 362, 'i', 363, 378]                                                                                                                                                                                                                                                                               	[2.476, 2.825]                                              	       3
sp|P81451|ATP19_YEAST	('SP', '0.706937')   	['O', 1, 16, 'M', 17, 35, 'i', 36, 68]                                                                                                                                                                                                                                                                                                                                      	[1.384]                                                     	       2
sp|Q3E824|YO020_YEAST	('OTHER', '0.615661')	['O', 1, 15, 'M', 16, 34, 'i', 35, 90]                                                                                                                                                                                                                                                                                                                                      	[0.882]                                                     	       2
sp|Q12289|CRC1_YEAST 	('OTHER', '0.999414')	['i', 1, 101, 'M', 102, 122, 101, 'M', 102, 122, 101, 'M', 102, 122, 'i', 123, 138, 'M', 139, 160, 'O', 161, 238, 'M', 239, 258, 'i', 259, 327]                                                                                                                                                                                                                             	[2.332, 2.309, 1.005]                                       	       3
sp|Q08645|FOLE_YEAST 	('OTHER', '0.996964')	['O', 1, 38, 'M', 39, 57, 38, 'M', 39, 57, 'O', 58, 525, 'M', 526, 545, 'i', 546, 548]                                                                                                                                                                                                                                                                                      	[1.489, 1.871]                                              	       2
sp|P53686|HST2_YEAST 	('OTHER', '0.988078')	['i', 1, 215, 'M', 216, 234, 'O', 235, 357]                                                                                                                                                                                                                                                                                                                                 	[2.636]                                                     	       2
sp|P32580|SUV3_YEAST 	('OTHER', '0.604964')	['O', 1, 0, 'M', 1, 20, 'i', 21, 737]                                                                                                                                                                                                                                                                                                                                       	[2.746]                                                     	       2
sp|Q02825|SEN54_YEAST	('OTHER', '0.998240')	['O', 1, 217, 'M', 218, 240, 'i', 241, 467]                                                                                                                                                                                                                                                                                                                                 	[1.861]                                                     	       3
sp|Q02888|INA17_YEAST	('MT', '0.853390')   	['i', 1, 8, 'M', 9, 31, 8, 'M', 9, 31, 'i', 32, 106, 'M', 107, 129, 'O', 130, 182]                                                                                                                                                                                                                                                                                          	[2.838, -0.933]                                             	       2
sp|Q02981|YP109_YEAST	('OTHER', '0.725791')	['O', 1, 118, 'M', 119, 141, 118, 'M', 119, 141, 'O', 142, 570, 'M', 571, 589, 'i', 590, 657]                                                                                                                                                                                                                                                                               	[-1.426, 1.446]                                             	       2
sp|P19516|COX11_YEAST	('MT', '0.944267')   	['i', 1, 82, 'M', 83, 104, 'O', 105, 300]                                                                                                                                                                                                                                                                                                                                   	[-0.912]                                                    	       2
sp|Q12467|MRX4_YEAST 	('OTHER', '0.614593')	['O', 1, 400, 'M', 401, 422, 'i', 423, 430]                                                                                                                                                                                                                                                                                                                                 	[-0.485]                                                    	       2
sp|P21560|CBP3_YEAST 	('MT', '0.931879')   	['O', 1, 151, 'M', 152, 174, 'i', 175, 335]                                                                                                                                                                                                                                                                                                                                 	[2.078]                                                     	       3
sp|Q12482|AGC1_YEAST 	('OTHER', '0.999796')	['O', 1, 530, 'M', 531, 551, 530, 'M', 531, 551, 'O', 552, 724, 'M', 725, 746, 'i', 747, 902]                                                                                                                                                                                                                                                                               	[1.84, 1.249]                                               	       3
sp|Q12181|NDOR1_YEAST	('OTHER', '0.999775')	['O', 1, 48, 'M', 49, 67, 48, 'M', 49, 67, 'O', 68, 473, 'M', 474, 495, 'i', 496, 623]                                                                                                                                                                                                                                                                                      	[2.82, 2.902]                                               	       2
sp|P80967|TOM5_YEAST 	('OTHER', '0.708198')	['i', 1, 23, 'M', 24, 45, 'O', 46, 50]                                                                                                                                                                                                                                                                                                                                      	[1.633]                                                     	       2